{"loss": [0.6811532576878866, 0.6544669071833292, 0.6267236073811849, 0.5989601810773214, 0.5763042370478312], "accuracy": [0.5425972143809, 0.6921423077583313, 0.7025641202926636, 0.7052109440167745, 0.7108354171117147]}