{"loss": [0.68080866115462, 0.6568080169194193, 0.6326276667952242, 0.6074696174429112, 0.5863137542264731], "accuracy": [0.5535980212456733, 0.6842018056546882, 0.7006617046664627, 0.7062861547724485, 0.7089330040294342]}