{"loss": [0.6810615710928928, 0.6598157671845409, 0.6383519232677435, 0.6139881960766589, 0.5996177163662932], "accuracy": [0.5498841768691549, 0.6632197249032346, 0.6810059612660042, 0.6966413075682503, 0.6917604086199476]}