{"validity": 1.0, "mean_distance": 7.333333492279053, "mean_distance_1": 8.333333015441895, "mean_distance_2": 9.0, "mean_distance_3": 8.0, "hamming_distance": 1.6666666269302368, "euclidean_distance": 4.333333492279053, "iou": 0.0, "var": 1.0}