{"validity": 1.0, "mean_distance": 210.0, "mean_distance_1": 210.0, "mean_distance_2": 210.0, "mean_distance_3": 210.0, "hamming_distance": 1.2291371822357178, "euclidean_distance": 151.5799102783203, "iou": 0.008559201141226819, "var": 1.0}