{"validity": 1.0, "mean_distance": 6.666666507720947, "mean_distance_1": 7.0, "mean_distance_2": 8.333333015441895, "mean_distance_3": 7.0, "hamming_distance": 1.3333333730697632, "euclidean_distance": 5.0, "iou": 0.0, "var": 1.0}