{"validity": 1.0, "mean_distance": 6.666666507720947, "mean_distance_1": 7.0, "mean_distance_2": 8.0, "mean_distance_3": 7.0, "hamming_distance": 1.6666666269302368, "euclidean_distance": 4.333333492279053, "iou": 0.0, "var": 1.0}