{"validity": 1.0, "mean_distance": 6.470588207244873, "mean_distance_1": 7.176470756530762, "mean_distance_2": 7.588235378265381, "mean_distance_3": 7.352941036224365, "hamming_distance": 1.2941176891326904, "euclidean_distance": 2.8235294818878174, "iou": 0.0, "var": 1.0}